{"model_1": {"loss": [2.027092456817627, 1.9347865581512451, 1.9032357931137085, 1.8786516189575195, 1.8656128644943237, 1.855120301246643, 1.8528966903686523, 1.8485794067382812, 1.8446627855300903, 1.842020034790039, 1.8376673460006714, 1.8348451852798462, 1.8359733819961548, 1.8363783359527588, 1.8320115804672241, 1.8302173614501953, 1.8284245729446411, 1.8283404111862183, 1.8261659145355225, 1.8245296478271484, 1.8231351375579834, 1.8218430280685425, 1.8223047256469727, 1.8227050304412842, 1.820881724357605], "accuracy": [0.24291999638080597, 0.2861199975013733, 0.3016799986362457, 0.3080799877643585, 0.3123199939727783, 0.31540000438690186, 0.31797999143600464, 0.3180600106716156, 0.31944000720977783, 0.32006001472473145, 0.3222000002861023, 0.32284000515937805, 0.3225800096988678, 0.3215000033378601, 0.32335999608039856, 0.32548001408576965, 0.3256799876689911, 0.32482001185417175, 0.3265799880027771, 0.32725998759269714, 0.32646000385284424, 0.32947999238967896, 0.32659998536109924, 0.3274399936199188, 0.32919999957084656], "val_loss": [1.9447520971298218, 1.9286490678787231, 1.9384887218475342, 1.8696494102478027, 1.858580470085144, 1.8767821788787842, 1.8515070676803589, 1.848572850227356, 1.8373185396194458, 1.8560206890106201, 1.854888677597046, 1.8361742496490479, 1.8772863149642944, 1.8461353778839111, 1.8278142213821411, 1.8487643003463745, 1.8484658002853394, 1.850005030632019, 1.8398771286010742, 1.8341997861862183, 1.852617621421814, 1.8713626861572266, 1.8414713144302368, 1.8369101285934448, 1.8403081893920898], "val_accuracy": [0.2847000062465668, 0.2937000095844269, 0.2842000126838684, 0.3084000051021576, 0.30559998750686646, 0.30300000309944153, 0.3224000036716461, 0.3165000081062317, 0.32170000672340393, 0.3174000084400177, 0.3160000145435333, 0.32519999146461487, 0.2985000014305115, 0.3158000111579895, 0.32249999046325684, 0.3075999915599823, 0.3237999975681305, 0.3183000087738037, 0.3172000050544739, 0.30979999899864197, 0.31790000200271606, 0.3091999888420105, 0.31869998574256897, 0.31679999828338623, 0.3142000138759613]}, "model_2": {"loss": [1.8849104642868042, 1.7533797025680542, 1.7033215761184692, 1.6712061166763306, 1.6511539220809937, 1.6336623430252075, 1.6220375299453735, 1.6101641654968262, 1.6010314226150513, 1.587944507598877, 1.5766873359680176, 1.5663518905639648, 1.5571621656417847, 1.5459665060043335, 1.5436865091323853, 1.5407497882843018, 1.527833104133606, 1.5273820161819458, 1.5233986377716064, 1.5194445848464966, 1.513543963432312, 1.5150953531265259, 1.503477692604065, 1.5040228366851807, 1.5026251077651978], "accuracy": [0.3214400112628937, 0.3723999857902527, 0.38923999667167664, 0.40252000093460083, 0.4122999906539917, 0.41951999068260193, 0.42368000745773315, 0.42743998765945435, 0.4321199953556061, 0.4374600052833557, 0.4420199990272522, 0.44516000151634216, 0.44830000400543213, 0.45245999097824097, 0.45465999841690063, 0.4578000009059906, 0.45735999941825867, 0.46011999249458313, 0.46129998564720154, 0.46314001083374023, 0.4648999869823456, 0.4623599946498871, 0.4679799973964691, 0.4686200022697449, 0.4663800001144409], "val_loss": [1.7648546695709229, 1.7264357805252075, 1.6950212717056274, 1.6689510345458984, 1.6408565044403076, 1.62079918384552, 1.6212865114212036, 1.6060523986816406, 1.6448066234588623, 1.601157307624817, 1.5909295082092285, 1.5722368955612183, 1.6143180131912231, 1.589919090270996, 1.5816771984100342, 1.5956637859344482, 1.6161540746688843, 1.557173490524292, 1.6174432039260864, 1.5468780994415283, 1.5525171756744385, 1.5825849771499634, 1.5919090509414673, 1.583498477935791, 1.5640329122543335], "val_accuracy": [0.3675999939441681, 0.3779999911785126, 0.38830000162124634, 0.4036000072956085, 0.41839998960494995, 0.4219000041484833, 0.423799991607666, 0.42730000615119934, 0.41519999504089355, 0.4293000102043152, 0.43849998712539673, 0.44269999861717224, 0.4271000027656555, 0.43389999866485596, 0.4375, 0.436599999666214, 0.43140000104904175, 0.4489000141620636, 0.42640000581741333, 0.4546000063419342, 0.4553999900817871, 0.44020000100135803, 0.4325000047683716, 0.4260999858379364, 0.4424999952316284]}, "model_3": {"loss": [1.8704215288162231, 1.7199821472167969, 1.659489393234253, 1.6198019981384277, 1.5967429876327515, 1.5815762281417847, 1.56155526638031, 1.5477901697158813, 1.5410256385803223, 1.527103304862976, 1.5190714597702026, 1.5109479427337646, 1.505051612854004, 1.4973242282867432, 1.4922353029251099, 1.4840008020401, 1.4851489067077637, 1.4775787591934204, 1.4732321500778198, 1.4685025215148926, 1.4628369808197021, 1.4620810747146606, 1.4562320709228516, 1.4508525133132935, 1.4513462781906128], "accuracy": [0.32043999433517456, 0.379940003156662, 0.4028800129890442, 0.4163599908351898, 0.42524001002311707, 0.43178001046180725, 0.4397999942302704, 0.44356000423431396, 0.4449999928474426, 0.4496400058269501, 0.4520600140094757, 0.45684000849723816, 0.4600200057029724, 0.4620000123977661, 0.4614599943161011, 0.4687199890613556, 0.46435999870300293, 0.4666999876499176, 0.47021999955177307, 0.47576001286506653, 0.47297999262809753, 0.473580002784729, 0.4768199920654297, 0.4800800085067749, 0.4769600033760071], "val_loss": [1.7352129220962524, 1.6440757513046265, 1.64530611038208, 1.6051549911499023, 1.5932796001434326, 1.6351418495178223, 1.5833555459976196, 1.5425609350204468, 1.5287638902664185, 1.5509029626846313, 1.5968114137649536, 1.5167416334152222, 1.531117558479309, 1.5279453992843628, 1.528058648109436, 1.5586503744125366, 1.5029408931732178, 1.51276433467865, 1.5057883262634277, 1.553817868232727, 1.5015116930007935, 1.5621742010116577, 1.5108015537261963, 1.513289213180542, 1.5036710500717163], "val_accuracy": [0.37560001015663147, 0.4147000014781952, 0.40389999747276306, 0.42179998755455017, 0.42399999499320984, 0.41019999980926514, 0.43059998750686646, 0.4489000141620636, 0.45170000195503235, 0.4447000026702881, 0.42149999737739563, 0.4560000002384186, 0.4465999901294708, 0.4530999958515167, 0.45260000228881836, 0.43320000171661377, 0.4657999873161316, 0.4526999890804291, 0.4553999900817871, 0.44850000739097595, 0.4636000096797943, 0.4350999891757965, 0.459199994802475, 0.45809999108314514, 0.46399998664855957]}, "model_4": {"loss": [1.8799686431884766, 1.7133843898773193, 1.6453890800476074, 1.6076079607009888, 1.5739054679870605, 1.5492768287658691, 1.5266615152359009, 1.5070244073867798, 1.493626356124878, 1.4784423112869263, 1.4685447216033936, 1.454573154449463, 1.4443355798721313, 1.433437466621399, 1.4249600172042847, 1.4178255796432495, 1.4079269170761108, 1.3992987871170044, 1.387648582458496, 1.383481740951538, 1.377799391746521, 1.3756160736083984, 1.3702669143676758, 1.3654576539993286, 1.3549482822418213], "accuracy": [0.3153800070285797, 0.38137999176979065, 0.4068000018596649, 0.4192599952220917, 0.4308600127696991, 0.44238001108169556, 0.4509199857711792, 0.4572800099849701, 0.46149998903274536, 0.46744000911712646, 0.4691599905490875, 0.4747999906539917, 0.4811199903488159, 0.48217999935150146, 0.4868600070476532, 0.4896000027656555, 0.4920800030231476, 0.4955599904060364, 0.4979400038719177, 0.4995799958705902, 0.5024399757385254, 0.5033599734306335, 0.505299985408783, 0.5054799914360046, 0.5110999941825867], "val_loss": [1.7109050750732422, 1.643262505531311, 1.6105479001998901, 1.568837285041809, 1.5562244653701782, 1.5414549112319946, 1.5536495447158813, 1.5062477588653564, 1.5160332918167114, 1.520019769668579, 1.496903657913208, 1.5073810815811157, 1.5238847732543945, 1.4766857624053955, 1.4570058584213257, 1.4998544454574585, 1.5060255527496338, 1.4915320873260498, 1.5089657306671143, 1.5311553478240967, 1.4835304021835327, 1.4848387241363525, 1.4581869840621948, 1.4780428409576416, 1.4740127325057983],